,GRCm39_d_splam,GRCm39_d_spliceai,GRCm39_a_splam,GRCm39_a_spliceai,Mmul_10_d_splam,Mmul_10_d_spliceai,Mmul_10_a_splam,Mmul_10_a_spliceai,NHGRI_mPanTro3_d_splam,NHGRI_mPanTro3_d_spliceai,NHGRI_mPanTro3_a_splam,NHGRI_mPanTro3_a_spliceai,TAIR10_d_splam,TAIR10_d_spliceai,TAIR10_a_splam,TAIR10_a_spliceai
0.25,0.99914503,0.7589313214528375,0.99904096,0.777439221739769,0.999936,0.827934843301773,0.99991894,0.8326211320236325,0.9998895,0.8256909092267355,0.9998705999999999,0.8339385643601418,0.9730355,0.26398031529453064,0.96614367,0.22517731763655316
0.5,0.99999523,0.9430122034890313,0.9999933,0.9497398287057875,0.9999994,0.9700223207473756,0.99999905,0.9700499027967452,0.99999917,0.9768622756004334,0.9999988,0.9769419074058532,0.99967706,0.563790280270041,0.9995691,0.5150641659274697
0.75,1.0,0.9925674200057985,0.9999999,0.9915904760360718,1.0,0.9943688750267028,1.0,0.9937796294689178,1.0,0.9958179295063019,1.0,0.9952020794153214,0.99999535,0.7845788385719061,0.9999925,0.7708361739292741
0.0,0.0008549700000000104,0.23363609855296097,0.0009589400000000747,0.21415125429630277,6.399999999995298e-05,0.16643403172492977,8.105999999996616e-05,0.16115849744528532,0.00011050000000001337,0.1701270202795664,0.00012940000000005725,0.16126351505517955,0.026959849999999896,0.5205985232773755,0.03384882999999994,0.5456588562927209
